{
  "Workflows": [
    {
      "Path": null,
      "SortBy": 0,
      "VariablesSectionElementsOrder": [],
      "ArgumentsSectionElementsOrder": null,
      "ConstantsSectionElementsOrder": [],
      "AddedNamespaces": null
    },
    {
      "Path": "Main.xaml",
      "SortBy": 0,
      "VariablesSectionElementsOrder": [
        "wallpaperPaths&Sequence_1",
        "index&Sequence_1",
        "imageFolder&Sequence_2",
        "imageList&Sequence_2",
        "isRunning&Sequence_2",
        "variable1&Sequence_2",
        "userInput&Sequence_2",
        "variable2&Sequence_2"
      ],
      "ArgumentsSectionElementsOrder": [],
      "ConstantsSectionElementsOrder": [],
      "AddedNamespaces": null
    }
  ]
}